ljhqsyiifdbu,eju,1965
agtocuuni,dzn,7864
bhqmulwby,vlx,5512
tmzfvrz,lgh,5380
nirmx,hrf,2052
lfshzo,dgv,7162
ptj,jwh,6379
iodyv,hge,2904
lwzgceo,kdu,7715
syckurysb,iho,1322
vdozund,cie,7613
pkdmfmn,myy,1109
ebyn,xag,4510
jwsfmjaf,lgp,5433
sxlsiaakmpmg,rvg,1619
uvcpgxnlx,plu,0538
cvcmoe,yin,3111
skqn,hvg,4611
zkvobmzgv,jvj,4688
dcvo,ltm,8678
shitdhtrhjpe,uip,3130
njymhit,gas,1643
kpwo,jhm,7588
gjyskxzqjvo,fex,8359
elz,rut,0692
njcxfwoql,vwi,0541
lcqwlm,epq,4225
jjijgh,bri,2510
etoyrcwi,uhv,4636
ideavofnqu,ujc,4515
slahroveudm,plg,1948
xncpatjmjhdqh,mjl,5903
ocdbjf,orx,2656
isic,pfu,4462
mkxbrtjanpdbu,ztf,1577
uhqyjxwijgb,igz,4531
wqup,mty,1274
epcidivjx,pzc,7157
dzaamn,gkq,2830
lcrnfjqogt,uch,4316
rnohatxtwuza,zlo,9026
ilpxml,sya,3641
gfsh,pjn,4465
jwibzfigncai,qex,6341
oyuauhqblzvmi,dzu,1950
tkctv,tih,3098
slvtancl,zel,8623
ouuq,qzy,6408
uyhruwlezdg,pwf,2853
emapledh,vsm,7512
rgr,tnp,3706
eybujdyo,tur,7142
kaft,zri,7397
jkbovgdrb,lju,0599
ekgkmpncw,uix,5286
kmuvjmj,tva,7202
nawgc,ydt,6594
cjqninpqalh,ulf,0629
ztjvqorxxxxpc,zaz,7229
qwbexqocbc,dmb,3218
nzfjrlpuzpvxb,nox,0032
iufirmkxhbnik,upw,4026
rxqrx,rkl,4131
dqithvdm,twb,4828
saa,jtp,8733
pwz,hry,7864
dqjtwmh,fpq,1558
hvpv,nms,6495
fiwxbq,rqb,1802
swcewefcudl,lyg,0673
oavibpvfynu,sbu,0065
ljt,unk,6779
pdkebjeusw,ukk,8267
krytoy,whh,8979
csn,koj,5642
cvrflzfm,xvu,8444
uyvqlabcrv,mnb,8471
ztff,dic,1535
axubfnh,jfe,1208
lqwo,pwh,3963
fzjpnk,adm,5758
udbnog,hkh,4421
yryrzhr,ell,2730
hxnviu,pyl,9588
cspwhx,sgr,4759
hml,ona,3820
rujkkjubd,mjh,7702
xddtmohoefca,qpx,7424
azjdebkqvbjpu,dpw,8516
xfum,hat,3048
vddxdob,qmw,7873
gedgyxrietjl,ycr,7315
fykougedn,dgp,1295
vxlzazme,qle,3086
xhwhf,uot,2608
axwmf,vjk,7493
rxdrtltzuj,vzn,8734
bnku,vpe,3853
qiieeveiw,jgm,8719
hucp,mkw,9510
cujxzib,jhy,6074
rekfmrwg,skp,5348
toydbxifbas,qnq,4426
jztwoc,bfy,4759
uubwp,ssj,8487
wtgq,yyx,4650
odsqgte,qak,3765
oqvhwz,yhz,8208
mvcpocidj,ejv,3753
wioefrvkjptw,azb,1670
zyyfbvrbuchq,voy,0058
fiof,bia,5886
hzeamhdsuimtg,jts,2462
mgnbtfxjwl,ynb,6148
kmvdiqgj,kdw,8468
bthrcchqv,rvy,0709
scyreywjxgj,whz,6521
idkpgrfjqgstw,sfv,6366
ntfpcm,qtp,6276
yksscynawwiit,amk,2974
usxfjepemobf,gif,4747
ftzcczrox,unk,3658
mdljuvk,cfw,7212
qiyzunjytuv,zig,9428
ybonad,shx,7359
oex,wnv,0588
klwhtfkebhnis,fzs,0441
scxd,bnt,0068
trcwzfrwc,iui,0023
wfkfznmqitz,eym,5667
iswdjvtdlznt,cbh,4603
usmcffxgg,qnu,7913
vnuaecgbhs,swv,7128
edbeexhj,cuy,3618
jcbrklwc,yde,7517
biiz,ppx,6675
wgcupruzoinlq,cbd,0349
xptty,jfw,4428
vphklu,kib,7848
pqiy,ckq,6113
ydpfdp,uod,8961
bxixzxzlr,wds,1504
zvtzapaax,tin,7241
oyjpdzwo,udx,3050
ypch,rea,7716
cze,jra,7342
racc,anm,5836
fqftvhgmy,rew,9976
pjlh,qnt,1499
lbgldrkwxdswe,vsa,9810
srfox,sjc,3751
smcncfhpjcjha,czk,4282
emlpsvjxbdek,gus,8774
hzxeefvvnxbdq,opc,1005
byrwztymmmzx,gjk,7940
pzjgtmq,ppp,3980
svo,kkl,0637
lgjmwbc,xkm,0193
awnimyvlswwik,uvs,7739
kzzpnmampxhko,sev,5496
arkvzhi,vea,7749
cbxsqdlzijg,dyp,1604
vsjhxroj,qpv,7231
duiczci,soh,5631
xmzjwlw,hpq,3236
kjbwthgarz,cvb,9226
xghxk,mvc,0276
ayz,wyj,2535
pjmlqwfy,zzv,2637
dyzvyiobmuyj,qmd,8861
tixpdfrigacd,hfj,2670
eegletklkqgrm,rpe,6022
ekkrwdgrsruh,woe,0407
dyyhucfzrcov,xpv,9268
agjoskcegvt,enh,5939
znad,lch,7855
ozdtmvojbcop,wit,4917
pwvhhyi,irm,8819
mbdkbcpi,jmy,4945
tebgbbxnzz,kii,4789
ifxsmtoez,has,1063
zekn,vel,6689
jyxwescexex,iwe,8259
fbkhdm,ixv,2209
qyferz,xws,6186
mddo,tpk,2164
qjgrivlflfn,tuf,7835
masz,lno,2101
nxur,noo,7817
smhizbqqwvawg,axa,4532
xabjcezqgpksr,uix,8224
cqwibsaqyrqnf,fgw,7165
kzfxfujmbkqcj,rwj,3657
zosh,sfb,3933
fiert,bqa,7128
ufk,ygh,2217
jacjbwraxxe,gqp,4361
yyczifvaoblng,pfx,3764
ymae,uaq,3516
jrjuos,ksr,7085
vqcva,giy,3653
pvhveuzfdoe,uih,6815
urg,nyu,4933
ujybkvfhji,qsi,6087
qmitoiwfhj,ijq,8209
lleekmhqaj,uky,4068
qrwgeermdzhk,awo,6466
kalrlaxebsdd,hfv,7715
kjlmxrn,ley,6924
akhcsabf,gdd,9265
qpbfzfh,blk,7887
smyqgipfy,vfw,0993
vzsctb,bum,7529
tkvesfqurml,vem,3437
anzajzewt,lgz,6687
vwwyzrrdqwoh,ezg,3485
dve,jme,9499
yzlfo,wfj,4428
pbdkum,juu,9365
qcdiqxzznm,wqj,7902
nswyxvmnk,iqt,2397
zsvraij,avj,6319
wjeabea,tfb,2259
nqvnzqt,bla,5896
tuczo,cxu,3850
hxtlv,hjl,7002
insqtew,goh,7578
req,axk,6586
oixenptj,kra,1897
zjjpg,ezy,0344
vhmbpclj,mgg,3363
vst,nvb,6177
byurhiq,jga,2034
hqqckudftvywo,smk,6890
ecbqcx,svs,4464
rflbofnu,zvf,4422
ilmrezhggzs,qbm,8153
fztw,enz,9065
syantb,iyc,7494
rjxz,lle,3254
wdnnnxivd,gmf,3008
iqkeepkegvrc,guj,3781
gtv,ttc,1999
gotxzqcpd,egs,8277
ntxpb,pas,0810
fphwubl,pnh,4057
lmedd,atw,6804
zgsbwp,kyl,5447
yrjrtih,fez,2494
imlkcrfeugbxj,geh,6361
irffmz,hhl,8754
eyqem,zor,5226
sbzicyuvpz,kwd,1854
vgxidf,lyw,6712
wqdnsvwq,qpm,2257
epgwflcaloo,cro,8960
thfth,mov,5130
ajgugbdsux,owj,3604
thx,nun,3128
iweqxraci,dpr,4944
rmdszvvfapz,kwx,0823
bnoeb,iwy,6913
nbdyizrnl,com,3881
ndqyshbnrg,hqw,8391
aghcexs,krt,4058
oaqksihw,twl,2219
cneztdxomluc,pmr,0825
ttonbghymj,pvv,0720
sjt,ynx,0605
xqymvhi,eak,0829
cdibvqtlzi,ean,0416
erp,wrp,0238
wgudzwksimg,qcc,0536
qhycpfgwbmd,nmw,1840
uaibygrhcg,fts,0307
zqwyaoz,umy,1560
xvpmu,jpp,5944
togztbhx,jbz,2781
ngzpkqllhb,bbo,0524
sfvriwapzzon,phz,8908
zraiatzhv,wna,8236
glwh,wtl,6031
rvb,wia,6531
yjdevyd,tlv,3756
tdblahormaf,oaq,5500
qsxjify,sau,4387
gfwksgabx,vah,6957
zgudppitloro,koc,8083
bvknjzgoqd,ovp,0913
xgwoz,rsk,0914
kyigepkrxkdc,hcn,3567
sipzwwy,huq,0915
diu,flh,3497
kacowzacs,hfw,7488
ccqdkrb,bcg,3066
pqd,pfr,8301
yjkheirsv,gmx,8697
mveaqpxyw,pde,8064
nxjl,bqn,0626
ivik,xjq,4701
eaycoflwlecz,twh,8754
fimrqj,sxi,1887
ris,peb,4098
ycltn,mxz,2850
elzywfijugimf,cdd,1526
ingzi,qbo,3747
fep,lrk,2080
elccff,rbg,3829
hurrmyvdinkm,xpd,0916
kzuiymp,xmh,1050
guf,leh,2407
glgmsuell,bug,5460
mqelwh,jnh,2310
xyutucp,lrr,9560
qvtct,amw,1363
uzpwfnpjqjyn,rvr,4540
olhka,odt,9488
hhygncdqdd,pyv,1568
xextfr,bsy,2057
pgwnkpyvqaxfg,giv,3154
gzhpzsxsakj,ljj,8481
urromjbxxwt,ibo,1856
ylqyapvnqcpti,yeq,5366
blrtkclrnk,klq,4596
hrfvlspssztxw,cfv,7261
oppecvakwxf,aex,7347
xruqopyplnrwl,ume,9304
gfomdlkrruvok,tjf,0890
jmib,vzh,1895
mxrkjaugrzp,ibu,8616
xbisu,efc,0324
zzqdaljcfgn,oqc,2919
abpfq,vek,0899
jiozga,dut,8981
umoqqv,jeu,3026
vvcynrcb,fel,7811
ylrqcjqtaqe,rnx,6271
jxj,bvu,9385
eydx,kgj,6919
qsesndltgu,egg,4829
rzsqqhtd,ejm,0256
dozpwar,yuq,6207
tifaqwsmktka,hzx,2478
pld,zah,6525
unxfyejm,ogq,5113
mzmt,pbk,3713
noonaldephvg,evj,7751
qidntv,gsx,8399
pydth,hun,4185
lcdaapddnu,zxw,2045
ecyai,aya,4335
gcwlnawk,twb,0637
fejlolifbjuz,fan,1741
yltjmy,otl,7341
inm,soe,2696
zckgjmfad,gus,7928
vbcjxpb,ejq,1519
eptgppmzcyqwm,dtr,6312
bwsx,exj,2131
wszcw,gyk,8559
obheowpz,kcu,7544
oiarqebpulhi,jxh,9205
oxozeg,liu,2752
zrmzfzgekeu,pwr,0057
fkefdzxyyl,yaj,0420
vldm,ujn,7849
ynp,are,1470
vpitixlcye,bac,4117
ivqgusgxbixa,ppa,6159
nfdhypsnrb,sfc,8376
chegpd,zwu,8698
egvxr,scz,2506
jcufyybmrnro,ymi,4126
qhtqfvs,mpe,2634
rrgkyetbsfnst,zde,8932
jeeegyhqcapcx,bsm,0932
abajttynqqwj,cgc,9470
sjwclkrqbf,dcp,3650
gijwpdqophsr,cwl,5383
jochidkgh,gpl,2114
onluynaxoxsp,bmj,8554
fryuhgnlehefn,ufp,0171
vvpqx,ztm,7061
jfez,ogh,0746
mqkt,bvf,2440
qdhpgjn,boa,2639
rlzher,ppw,0943
zucglqibcfcm,xtm,2706
dcteqo,bny,0028
wni,oai,1798
rpbooq,fvw,1330
uxtlmeujlfiwq,pbs,1715
hegjdt,xuk,0334
ycjes,uiv,8360
kxqolfafbzig,gmi,0145
bga,cbx,7808
nsgcrhw,kvu,8463
walng,gih,4158
queshzx,she,8161
rovb,pyy,1418
dvsfvlxj,sni,7296
glyi,vrt,6011
yqutlhu,mqq,1696
nmlkkydc,nwc,3830
ikawmcoq,pss,0476
pcszcnn,lpt,9804
ajqi,fkt,5958
cvcberm,tmu,1721
jrn,jsg,3183
hkofsjvugah,yhi,9113
ahcrwvcpc,gna,5908
vkru,yrz,2574
ghwqvmypjl,dfy,1318
dxlyjuupyruf,ryo,4108
rsgbxiov,xay,8167
jjszhosrvgzk,ffb,9226
pnauxctctw,dgn,1936
xawev,bzb,6164
pedg,tmw,9872
ujkfgr,rrn,3591
intgflaan,rua,0762
swfysrpsowtr,sju,3273
kaj,hfy,9464
cew,qie,0306
lyjgxdovsrel,ouj,6717
exxkjjham,llc,6280
ynevhrbcvo,txm,6619
fflflyqtty,hru,3667
jlcokxo,rdd,0014
kvn,djg,0255
tqr,zyp,8400
wmqo,ddr,7560
cphmbqtt,dfy,3256
hllq,qes,3456
euyt,wkd,1100
dgqxqrwdziqz,hzf,3453
jeos,wdv,9715
taglhxwghp,gyo,5550
nbjbll,slg,3415
pdyosh,nhz,8906
vlcirekdmvam,kri,3364
dpxuh,xvb,3840
uxcclrbyek,jjz,0936
zuzyp,myg,2108
ohw,psq,3027
fxyscicij,gvx,3840
xxggkovaxlk,ypw,5103
zcamxeutsoie,vyu,6109
yncsmysiryfjp,gqq,4838
kceu,ynt,7238
mapojdw,hhn,0238
ylxjgbypfuxf,tbb,4708
bqyaglsqth,ndw,2626
yqloxhjcwaa,zui,6718
jgzoperkaiaz,lpg,2968
jbu,lnw,5337
sikrlp,wee,7354
tfywzm,qcq,9479
kjmhgietbl,wnh,8100
jtlubrxdntdjo,unj,2372
sccltibymyi,adu,4361
eolf,fao,5212
itmofevgkcr,giu,0762
rmbvsvgukrg,hbd,2995
aayematjzgz,xzs,8671
chgsxwhip,vhk,9669
aeqiq,koc,5126
bvdrrsazsxduh,aie,3629
lppbkcdintuok,gck,3525
klinx,ixn,1233
secrliiyrz,ckl,9715
bsszanmfyx,czz,5114
xkwkun,hoq,6704
jwqiop,wih,3273
ruarxxbxjt,eup,1711
udhbzxovojal,kda,1193
ahsmuxxfnas,yfn,0417
chavngaryeznl,aga,9792
gezamgirommh,qsi,2038
tlmln,jwd,6262
jubl,rbi,7040
sikgaqcoadzn,mph,3639
xjmmbulobebtf,ylk,8754
bdec,gah,7889
qbuxbkeqrftbn,tdf,9018
rqgmcp,wpr,9148
ouisdx,rvk,1677
zkyoa,cnz,1180
xkkh,vwb,6770
acztefvnx,hrj,1380
edqkdlref,ger,2440
gvkyznt,pzi,5567
pyprlev,ztb,5333
ajflxzlylb,nko,9264
lbrwbbgxg,kya,9177
elgrmivycs,uyu,7543
affnehhs,dzj,0131
ztdg,zac,6653
wscbzbig,cjt,7455
awlrng,lqp,2691
tkhmszjna,gou,5266
onngx,hpt,4175
vxrxsbpsckr,odf,7997
fld,uox,3671
peujhe,cbf,0295
cslzouovs,avh,7214
xhk,owd,9718
zwxefqovpe,ool,4308
aghizjdyub,qwy,9003
cwvimnr,axz,2336
ntaumzuymagw,nnh,9363
icayluq,wki,4213
jzeq,alq,6311
byyzdionxzuq,xzx,1589
hxj,gnh,7166
fnr,bhn,5167
mzmmcwaq,lbi,0679
kswxscetlbx,zki,9238
xspgghbirfo,dmq,1386
zdktqzpdyefnh,frg,4278
hgw,hqv,9571
gnvbrwhpxzm,jfp,4843
knplbvc,gpa,2648
gfodjeidhi,arp,8655
fommcomvsz,afy,0003
frjonh,maf,1312
cmsorc,xkl,6802
xnasyzn,ryd,6058
gguicgcn,ywg,7650
ctqbagxrxz,pmt,0594
apvhtukugqq,npb,2522
fkigjr,ekp,0177
pkqxmbpgkmj,axj,6462
addkgjsw,pex,8657
qtmjdph,nkd,1214
wmpqaycv,fhc,5515
hae,tlk,0808
jkrrnm,qaq,6022
dbcscfzl,ujp,3775
sdpnuunistr,qwf,0451
xkrnlaxoo,dpr,8203
cmqa,qvs,8477
fad,otz,6803
xwchxggz,bmx,3265
mlgnh,uwu,8813
erlre,vci,7603
mmnnjuwswwai,uvj,8225
wlutdkbope,cdl,6125
jimhn,vmi,5819
cuwexoucqk,xzq,3028
cgoi,hkv,8548
taw,izo,5241
flokwm,exa,2013
bicahbgfvxpp,hwr,5393
yfxhgoysjb,nrw,2183
rajawaruvsgv,nnc,2027
mufajgduc,zvy,1827
ngd,kgo,1658
uzurvkqxamw,zxv,8922
jfprqhzjm,wml,2890
hwptipha,uoi,4127
nvlpi,wdi,4733
teimnssgxyhcs,opq,4622
hkmnuaomjxdo,xdk,1143
sugiruc,yrv,2655
heunzoflteiz,yqr,1860
xsit,qvp,4879
dkccwbk,wei,1975
negwtyoqtahdb,zuc,7293
uricxcqma,vsv,8986
mulqmebtuab,tmn,0995
cgzxb,rvd,5674
rxu,tqm,2882
hqqkq,msz,4978
myhtdy,ypd,2195
fft,uup,1789
rzmxlx,ykk,9178
evjzqvg,wxm,7150
ibouhflwcuph,yyi,8760
lvthw,wxb,1944
bwo,jhz,8634
genbnpcemff,frn,0286
xteez,ycl,7631
laeozvbou,uhv,4858
glpgzodp,hrk,6240
ugy,ykb,0694
qpe,tvw,0798
wckzsdeddd,vkg,2759
apikw,gvp,6308
evnx,bzc,7544
tmgfwwtkurr,otz,4709
rntakggxdae,wgt,2653
tyzkzyrk,niw,8458
jdxbcvzvelncj,elz,4607
faxj,cqb,9441
oaiceqeq,gff,1969
hebspcp,wad,0760
jlem,sdq,7558
yxpqrs,cxv,5895
nblssuvcqxlxi,hdr,1368
fpxgzimnaxfaj,xfs,7269
kfapwfzfi,ihk,9953
zssnn,prg,0060
hfcp,jsp,1523
noxqvedko,puz,1242
diyszudmb,jxi,4956
ophfjsbz,jvc,8722
bobibeuegcas,jso,2643
wgxu,osj,0802
oplmh,plm,5151
xfkpx,mup,2342
xbznqevwbjzzu,han,0867
aqayngxjaqgi,ihu,2960
wrojhxswbzta,xfu,7107
wxspv,mtx,6317
tuuz,jad,9338
tyz,etb,9247
jzvglo,rhe,8515
fvwfjwytejpg,lpw,6761
axsivzefpmv,rpb,1897
rjyxbedzdkuq,fgg,6283
ndxz,egz,8893
ughrbcavtc,qtg,0884
bqtshqcptoav,olm,1669
yfhpbcu,bur,0754
fsxmfrcfme,xpe,4102
sergqpkoy,ple,3941
estbzdnri,oje,7514
rcouvzcw,htj,4511
eiasmb,wwc,9837
ehnmko,ink,0822
exwjqem,ymd,9022
cuk,fzv,8208
mcxkcqdtxi,wqs,7110
baqbea,ejf,0665
zim,hcc,2409
aarcff,wjy,3784
jcifexxt,aqj,9453
jnphxheci,thf,1373
maqtiqyv,tni,2792
oeqiod,ueb,3985
bgfu,lsc,4680
fclsuyv,tld,8298
zaefyhygp,erg,7440
acmnafc,rov,9038
iezctzvmwp,ezm,9981
mxhituktahlip,sak,5021
ntna,egg,4309
bef,qls,5830
kpdvntdzsvu,hpg,7182
ywsxxn,qrc,5171
lfbn,ebs,9274
eoqulbeclh,tdv,1413
bad,kun,8784
nodvitq,mvw,4112
uobvchvhth,mvv,4361
bmksdvxzhrddx,cab,4631
umkmf,nuu,1080
nelxvardylu,vrk,3693
ytiieelvlahqy,zna,2529
aysojqsntdman,cet,9581
nubgby,yqu,0002
psthjevhowp,tbc,1010
nzztjp,wmg,0194
qskjxxlbvljv,too,9362
tuzaarwm,tjw,1269
lyqy,nyb,3276
djghfhuqlned,ytt,2835
wdwvnkiin,jvm,2585
ibizcnc,irq,9279
vvvwgtuvyarms,odi,2264
pvnqhn,pin,0144
pdfjbefxwvzpy,lcq,4152
drs,kpo,6124
skikcud,xro,1573
rzmscv,rex,8494
ddp,nrl,3228
fcmdsny,ndw,6815
kjnkgaau,vdh,9510
ofvriddpyjelv,kfo,8075
lrxckjfamlwyg,ojk,5834
ukrdqbazvvxr,dce,7772
cectuaituau,alh,3936
qpdbslpfhp,jkx,9627
xwmzqhld,cjt,3213
nnjswepooar,sok,5955
vjwzhyygvsakg,ecm,0581
ohibscpxkdtvd,rzj,8072
laxql,lhg,9272
qrzizw,lzc,9478
ebxyauw,sgh,1353
wmqrcwa,zao,1242
ceozi,mco,6998
mybxxnupxrak,xqm,0943
gdxu,pie,1704
hgvauzusjh,iiq,4719
axmzqcnrvat,uxz,1435
sbz,efk,5315
ypxfuqrycxiom,nhd,8274
eeofrdztryxqw,yqc,0334
rdfoq,wwm,0130
pdznmfbrq,szb,6591
zqnetcrfadgbh,tnn,6497
tmmnegbxaq,ylw,9215
jjofqfvrefzx,wgw,6701
gjmbwegsprv,jgp,6303
irjtdnsyafohu,lmj,6994
ofhwqb,seq,0530
gcbqnzvpq,wjl,3276
xpqnbnb,bxt,1714
bydhqvnjqmzj,iqk,4074
rtpckzrlegq,twz,4164
mtotean,fjc,6629
dqa,gvi,2349
jtrkajhquq,owz,5578
ycxxepthoalp,yfe,2952
neqdbepj,jgd,8276
dxihtnxyb,mkt,9181
baps,rfa,5220
ofipc,blq,1586
nagotecsawqzv,eno,0232
luzou,lwm,6762
clkee,avc,0681
rcauxrobqmhl,omr,6546
dnjytdtjgkh,jdt,8162
elonsbjhbgcvn,jtk,0050
weugskuaarwoa,tsk,0329
fpcyaoafhkooa,pgy,4711
sfrnwxldixucc,iyn,0655
iqmvkand,pum,7314
nthft,cqv,9081
vedelyazv,col,2240
kyhbvom,bel,9114
quq,cym,0413
llpjy,ohf,1984
wfjwfembgcnyl,ray,6339
hntsqhbvq,vvt,1731
elmeejjvo,wze,3572
rdhaxlbptm,uxh,7327
pdbm,hiu,5450
cqqkfpdtbpy,yet,6414
lydfhhqomknu,vmr,9464
sgyxiqpgxxi,bpq,0277
qdxxlmvmt,aki,1947
bldcuoc,jcz,3614
sdpze,tcd,1171
yfvylcrncicc,wfq,5141
jspjwplbbz,hhz,3071
tdvyt,sqj,4538
peqfhnrjepu,ufe,6414
ykv,iqu,8622
ogfb,gie,4211
pliv,xzx,9261
jcktsakxpsol,agn,0988
chwsnkds,arn,9186
xpvck,kru,7753
ehyhjie,mii,2643
huo,zqs,3961
vlnxnptkxoqty,rpf,7810
hlxnhvyoxmg,fag,0749
uyeuoq,vwn,6177
auubtflerxf,dmz,5186
zpotam,vba,1153
acmwccam,cai,4250
nllwikxtrvn,vho,1107
lbzfulvfgr,jpv,8752
mzcukccjy,eca,7318
zlbkfdxsm,jkk,4263
sfk,qaf,4348
kbkeutgefg,hqd,3313
wgzoaczcf,xma,1384
rztoxu,ncr,5689
lrfnhw,adt,4894
wqizpkdpjj,ujb,0493
prautpzo,bek,9365
cpjibqsbgyewa,vqc,5047
gdcxjdkh,eav,1725
fhdzqiia,jlt,2870
lqvcqsedhjsf,foz,8784
zosqmxlkiwuut,aga,5345
rvjtf,cdg,6408
ezlou,tnt,3345
itohejuwx,iez,8821
jxchusfbxfj,hry,9985
jlhfcw,kmn,1033
vinyhuvwi,zcj,2753
fnitb,dmf,6388
dqefzsm,xrr,1680
dnldsd,mgx,7933
tpap,puj,7496
kpjrmrmnw,xhc,3134
zibedgop,kzp,9208
fllow,czg,7296
gnqk,act,3791
gufkrzk,dcn,7803
mmplk,sgn,2430
oxkuhovwoup,jqx,3649
lbivbuz,gxn,8007
goutgnmu,ilr,7649
vcvwcce,zug,1599
kfxollfdhc,xrq,2529
dcxrjiysll,pjf,0662
baeywfvuway,ijg,0973
nlqdtvxsr,fhx,9622
akpveeakzwj,jdg,2684
yjkxkigosqnm,gcz,8731
nwlyfptx,nmh,8870
xyvnbedcashzt,wnn,1316
uyposhoogm,hge,7797
umx,eit,4332
jco,ccx,4793
bdsimxkzbipod,ujv,6764
pvstnk,ulk,5236
slxmiuhcya,vls,6374
clnu,mpe,2498
kzv,nic,0238
qtellna,mjm,6668
wvemxgpmdn,tcj,5805
lzchpqxlprrue,dee,3315
gukoivapap,saw,7039
lrrpmzvyzbg,buh,7564
vktylzxlt,nrz,5566
ilcjg,ypk,2355
qebyvwgu,ghn,8708
etrhyo,ybr,6761
xod,tak,7393
ibraqgm,yik,6557
unqtypjzdcq,gok,2777
dyrp,bir,8772
alt,jbz,6729
ijmsmhdc,pcs,1475
qjodwvyvvwfs,mty,1161
lyphtaaftcn,ayz,0110
evlqtllwzmi,qxp,5543
pyqqkfelmm,alt,2342
zqgikzu,qhe,2541
wzodnnam,cfj,6910
omim,pzh,4261
kzmbtnkrplnwe,xxt,5019
mjmimt,fyc,0519
pcs,cpz,7613
zxztokndgf,gru,6697
prrziqebgl,vww,8368
thgma,dar,9854
wzfhvr,flz,7296
xdwz,tyl,5639
xoqqmprfe,vny,6543
reoh,xft,4015
yrnjnoynht,zdm,0811
odwhh,mbi,6689
xezychhyxetk,iui,4909
tfwtdpyogocbn,dpi,8257
cwrtonocbyw,vel,9764
mlh,nml,1712
ehrfgliagp,guu,5134
tigpa,knm,0054
hvauy,acz,3453
zbuw,ceb,6530
liohorsee,nuy,9764
ixfptadnuept,dew,5521
aqnddhrtxsb,huu,3255
msmpvvrk,lci,6070
gkgfat,gnt,6928
lzsqyo,drj,8660
ulfzeey,rmv,6870
pafdjxgqc,ojw,7556
nvdofkrqm,rjx,4009
fjsytdqqoczx,vdz,1915
zfgw,ahx,7099
wdji,aox,9510
ugiurtnnwabxw,wez,8286
sxerjqyeyi,lcf,5657
yohntirdycwu,ugg,3991
mvvyocbyk,kto,6544
dqqtgofkzh,czw,6831
dclsxkgpnjjv,biy,6229
putucqazun,osc,6804
zlvuurweimey,zvz,3425
dpqubi,qkj,4318
rlylbipwiktvs,tqe,8607
vpnlnjcnr,tec,6201
lrhmnehgat,fab,7714
frighz,bxg,3069
cad,dyi,4247
bndypuusc,uel,6618
zsi,xln,9257
gvsnqjnxeqt,cgc,6109
roge,sts,0702
zwrkscjhd,rdj,5604
ztcv,ieu,8722
ikhgf,jkk,7258
vkj,sfl,3447
jhyinmgqdey,bmq,2293
zrldpmxprg,psm,4259
ikvyoatvyefed,thc,6188
mceqor,nml,0673
qpndkm,dfy,3479
rvnotuvrn,ign,4663
ixwcitezla,lho,2610
pfq,qdd,9805
tnbngzrclepfz,vnt,2890
vwgz,snd,3250
ypm,oye,0730
yseuzkavehkss,rhd,0722
wmamwrjdces,nfs,6377
gvsbxgr,vtq,1929
bywktzrwoema,use,9708
rulrxcbabkhb,mqh,5583
krjwai,qtr,9112
xuikotjuyoqcf,sfx,0207
lwtirpgsunzio,yfm,7992
kxb,krd,3974
epaattfjevwv,zmw,4341
fobrutrg,kiu,3965
dlqgymhp,kth,3437
mcsknt,nxz,2861
viqvcmeqsbl,zfn,3668
acnkjecquhem,evl,9525
gvznqqylhda,ikt,0599
icgcwzbqvecgz,jja,0221
czt,ppx,7452
uusxfu,svj,1564
xkvppxpcrt,nue,0529
gacsacbvbcg,qfi,2912
licvveopuge,srx,2819
aeotpbhvbfhf,htq,6345
ttlo,onb,5534
ghzxdddkccy,skj,4777
mdsjlskam,eea,9104
cypqoo,xpb,1885
bvzn,qss,3854
ozmcwsdieah,kjr,1448
zaieqits,tul,7283
ipbrveeewz,hon,9159
hixvzgih,iev,3304
jseq,avs,6520
tzwff,lie,7720
rbomwz,kna,7025
dbugku,jtu,3335
fivjlfx,suh,3334
lwgezps,nop,1147
cwrznl,zgt,3410
ava,nlz,6031
cbrbu,shx,2778
voxaoigtv,fpq,2969
qkpipzjlr,fsx,4559
asqogmxnp,fnr,4268
ivgflpscnss,zsi,9549
ddizbbqekhr,ces,8032
xcq,cmr,1347
vfobjfheywmcz,lhp,1059
ohggtctigch,toz,4652
iona,yvm,9991
uxnt,axg,9256
jliivmnsflk,pqm,4508
xndavmyomv,ujr,0947
wqjuys,zyk,8408
zvzcv,tzd,4584
jpgcnpfo,mzk,7151
ekqmejcpgje,nok,6526
pubs,xsn,0837
pdyfic,lwf,8647
croxgbipukrte,ukl,9198
enznadq,ssf,1027
lsjofis,bgj,8330
matftxarox,ezd,5072
dzjuxhtdowa,sxq,5104
hxstkqp,mgb,5362
igmlikhy,pwc,7815
bvqlto,qpv,1389
ebmgcqnzb,eyc,7461
xdjupeesf,ihm,1619
cdxirums,tlz,8537
vucylekpg,qbv,1582
aicdewsedziyx,xeo,8670
tzcvswa,gyn,5289
hoa,fdk,6038
ixawq,wwl,8593
ujgorvu,ewc,3703
lytnlmw,tbs,0362
plxpkvvqij,fta,5284
rbtojsx,rjv,8936
ejmf,oue,8733
sistx,ztn,5486
ajvmwokdzpue,nju,7642
uhwfnir,lqw,8272
nmrkvhrzknd,zsm,2656
psgysofvece,ggb,8569
jqppmtmbujzzu,fbo,6590
koquhi,moi,8718
xbqracx,bxr,8293
emkellzlt,xmv,1865
jovkmpx,zmd,0199
cdsysqpnjuxj,ajf,4218
ielmvpqjrx,nqk,2190
yfdkifellh,bsw,5807
syqahhqzm,avs,5794
mwojviwxmipo,vyr,1565
mpysipuixo,hcf,0226
zpmciyh,cvm,2600
